super_category,categories
Cameras & Drones,Security Cameras & Systems
Cameras & Drones,Cameras & Drones
Wearables,Smartwatches
Cameras & Drones,Video & Action Camcorder
Laptops & PCs,Laptops
Phones & Accessories,Mobiles
Printers & Scanners,Printers
Tablets & E-Readers,Tablets
Gaming & VR,Console Gaming
Monitors,Monitors
Audio Devices,Audio
Laptops & PCs,Desktops Computers
Phones & Accessories,Phones
Storage,Memory Cards
Gaming & VR,Game Consoles
Accessories,TV Accessories
Audio Devices,Headphones
Audio Devices,Speakers
Gaming & VR,Console Accessories
Accessories,Accessories
Gaming & VR,Game Discs
Cameras & Drones,Cameras
Phones & Accessories,Smartphones
Tablets & E-Readers,E-Readers
Phones & Accessories,Feature Phones
Phones & Accessories,Landline Phones
Audio Devices,Wired In-Ear Headphones
Audio Devices,Wired On-Ear Headphones
Audio Devices,Wired Over-Ear Headphones
Audio Devices,Wired Headphones
Audio Devices,Bluetooth In-Ear Headphones
Audio Devices,True Wireless Earbuds
Audio Devices,Bluetooth Over-Ear Headphones
Audio Devices,Bluetooth On-Ear Headphones
Audio Devices,Bluetooth Headsets
Audio Devices,Computer Speakers
Audio Devices,Portable Speakers
Audio Devices,Bluetooth Speakers
Audio Devices,Bluetooth Computer Speakers
Audio Devices,Portable Trolley Speakers
Audio Devices,Hi-Fi Speakers
Audio Devices,Mobile Microphones
Audio Devices,Bluetooth Karaoke Microphones
Audio Devices,Computer Microphones
Audio Devices,Music Players
Audio Devices,Voice Recorders
Audio Devices,Streaming Devices
Audio Devices,Radio Cassette Players
Audio Devices,Receivers Amplifiers Mixers
Audio Devices,Stage Karaoke Microphones
Audio Devices,Audio DAC Converters
Gaming & VR,Other Game Consoles
Gaming & VR,Nintendo Consoles
Gaming & VR,Xbox Consoles
Gaming & VR,Game Controllers
Gaming & VR,Game Control Devices
Smart Home,Control Devices
Wearables,Smart Glasses
Gaming & VR,VR Accessories
Gaming & VR,Virtual Reality Devices
Wearables,Fitness Trackers
Laptops & PCs,Traditional Laptops
Laptops & PCs,2-in-1 Laptops
Laptops & PCs,Gaming Laptops
Laptops & PCs,MacBooks
Monitors,Standard Monitors
Monitors,Portable Monitors
Monitors,Gaming Monitors
Monitors,Graphic Monitors
Printers & Scanners,Label Receipt Printers
Printers & Scanners,Laser Printers
Printers & Scanners,Printer Accessories
Printers & Scanners,Inkjet Printers
Printers & Scanners,Photocopiers
Printers & Scanners,Photo Printers
Printers & Scanners,Dot Matrix Printers
Printers & Scanners,Document Scanners
Printers & Scanners,Receipt Printing Paper
Printers & Scanners,Printing Labels
Printers & Scanners,Printing Paper
Office Equipment,Projectors
Accessories,Projector Accessories
Printers & Scanners,Barcode Scanners
Office Equipment,Paper Shredders
Office Equipment,Time Attendance Machines
Printers & Scanners,Fax Machines
Office Equipment,Money Counters
Laptops & PCs,Branded Desktop Computers
Laptops & PCs,All-in-One Computers
Laptops & PCs,Gaming PCs
Laptops & PCs,Mini PCs
Laptops & PCs,Custom Desktop Computers
Laptops & PCs,Server Towers
Cameras & Drones,Compact Cameras
Cameras & Drones,Film Cameras
Cameras & Drones,Instant Cameras
Cameras & Drones,Camera Lenses
Cameras & Drones,Mirrorless Lenses
Cameras & Drones,IP Cameras
Cameras & Drones,Analog Surveillance Cameras
Cameras & Drones,Camera Recorders
Cameras & Drones,Surveillance Systems
Cameras & Drones,Camera Drones
Cameras & Drones,Action Cameras
Cameras & Drones,Car Motorcycle Dash Cameras
Phones & Accessories,Phone Holders Mounts
Accessories,Cases Screen Protectors Stickers
Accessories,Cables Chargers Adapters
Phones & Accessories,Power Banks
Accessories,Selfie Accessories
Phones & Accessories,Phone Straps Charms
Phones & Accessories,Mobile Lenses Flashes
Phones & Accessories,Mobile Phone Parts
Phones & Accessories,Phone Batteries
Phones & Accessories,Sim Cards Accessories
Office Equipment,Casting Devices
Audio Devices,Headphones Earphones Accessories
Audio Devices,Mp3 Mp4 Players
Audio Devices,Home Cinema Systems
Audio Devices,Cd Dvd Players
Audio Devices,Walkie Talkies
Audio Devices,Av Receivers
Audio Devices,Microphones
Audio Devices,Audio Video Accessories
Audio Devices,Amplifiers Mixers
Accessories,Gps Finders Accessories
Wearables,Smart Watches
Wearables,Wearable Accessories
Gaming & VR,Vr Devices
Cameras & Drones,Dslrs
Cameras & Drones,Mirrorless Cameras
Cameras & Drones,Camera Accessories
Cameras & Drones,Drones Accessories
Cameras & Drones,Point Shoot Cameras
Cameras & Drones,Action Cameras Accessories
Cameras & Drones,Security Cameras Systems
Cameras & Drones,Video Camcorders
Cameras & Drones,Camera Care
Phones & Accessories,Usb Mobile Lights
Phones & Accessories,Usb Mobile Fans
Phones & Accessories,Usb Vacuums
Phones & Accessories,Pocket Wi Fi
Accessories,Universal Battery Chargers
Gaming & VR,Home Games Consoles
Gaming & VR,Handheld Games Consoles
Gaming & VR,Video Games
Phones & Accessories,Mobile Phones
Tablets & E-Readers,Tablet Covers Cases
Tablets & E-Readers,Tablet Chargers Adapters
Accessories,Styluses
Tablets & E-Readers,Tablet Stands Bases
Tablets & E-Readers,Tablet Parts
Tablets & E-Readers,Tablet Keyboards
Tablets & E-Readers,Tablet Screen Protectors
Tablets & E-Readers,Tablet Bags Sleeves
Audio Devices,Refurbished Audio Video
Office Equipment,E Dictionaries
Tablets & E-Readers,Writing Tablets
Tablets & E-Readers,Electronic Learning Devices
Tablets & E-Readers,Ereader Device
Tablets & E-Readers,Digital Smart Pens
Accessories,Education Device Parts Accessories
Tablets & E-Readers,Reading Pens Devices
Tablets & E-Readers,Electronic Notebooks
Smart Home,Smart Home Controls
Smart Home,Smart Motion Sensors
Smart Home,Temperature Control Systems
Smart Home,Automatic Curtain Control Systems
Accessories,Flash Drives Otg Cables
Storage,Compact Discs
Storage,Ssd
Storage,Micro Sd Cards
Storage,Hard Drives
Storage,Hard Disk Enclosures Docking Stations
Storage,Network Attached Storage Nas
Laptops & PCs,Laptop Stands Trays
Laptops & PCs,Laptop Chargers Adapters
Accessories,Keyboards Mice
Accessories,Mouse Pads
Accessories,Usb Hubs Card Readers
Accessories,Webcams
Accessories,Keyboard Trackpad Covers
Laptops & PCs,Laptop Covers Cases
Accessories,Cooling Pads
Laptops & PCs,Laptop Batteries
Printers & Scanners,Label Printers
Printers & Scanners,Printers Scanners
Audio Devices,Conference Video Audio Devices
Storage,Sound Cards
Storage,Optical Drives
Laptops & PCs,Pc Cases
Accessories,Cables Accessories
Laptops & PCs,Ram
Laptops & PCs,Motherboards
Laptops & PCs,Ups Stabilizers
Laptops & PCs,Fans Heatsinks
Laptops & PCs,Power Supply Units
Storage,Graphics Cards
Laptops & PCs,Processors
Accessories,Network Cables Connectors
Accessories,Wireless Adapters Network Cards
Networking,Repeaters
Networking,Modems Wireless Routers
Networking,Kvm Switches
Networking,Network Switches Poe
Accessories,Powerline Adapters
Laptops & PCs,Print Servers
Laptops & PCs,Desktop Computers
Laptops & PCs,All In One Desktops
